trial_index,test_size,window_size,hidden_size,lstm_layers,num_attention_heads,dropout,batch_size,lr,epochs,grad_clip,mae,mape,mse,rmse,r2,sd,runtime_s,started_at,epochs_ran
0,12,49,256,4,2,0.22637823820114136,128,0.0008578517742989719,2000,1.2014334201812744,516.9750439843675,33.412821624770395,515630.0266192564,671.2170225703943,-21.339365466676934,21.061485916772593,1330.103863,2025-12-07T20:32:06,132.66666666666666
1,12,33,64,2,4,0.5537170147523284,64,0.00024607299683627635,2000,2.7147467406466603,505.970373342675,29.86834347410526,326151.84552485513,552.9616463244171,-17.145228331799192,5.991088506046101,665.068899,2025-12-07T20:54:16,128.66666666666666
2,12,28,128,3,2,0.43012282429262993,32,0.000352463998991062,2000,1.800959661602974,379.02942852090047,21.681102162636453,208132.99753492503,423.02870998159386,-9.80548224843711,9.028171728094947,1099.147933,2025-12-07T21:05:21,168.0
3,12,40,32,1,4,0.1038826041854918,128,0.00010640658865401232,2000,0.8142561647109687,888.0056180615405,52.45218263694852,1561862.139955244,1149.727744907323,-111.39997030871855,22.376644489000743,883.641856,2025-12-07T21:23:40,239.66666666666666
4,12,43,128,2,4,0.16363934557884932,64,0.0004821213548322312,2000,2.173764786683023,357.84159636653266,21.576648659201414,172706.5296696996,414.253998233894,-9.902789204856411,0.48520127507048916,1285.495752,2025-12-07T21:38:24,223.66666666666666
5,12,31,32,4,2,0.3664521727710962,64,0.00013829331277805164,2000,0.6414997433312237,714.1586560950408,42.628291176589116,721306.4963214728,809.7377173427385,-44.12675427156382,10.943215014240097,862.230663,2025-12-07T21:59:49,177.0
6,12,36,256,1,4,0.4928539813496172,32,0.0006269834801503366,2000,1.5303100920282304,466.5966990294839,26.984856848150937,287635.0458395527,517.9983072532968,-17.912351639907108,7.295997695345412,1325.617096,2025-12-07T22:14:11,149.66666666666666
7,12,51,64,3,2,0.2911398614756763,128,0.0001892788053089973,2000,2.4980281684547663,746.1647704504143,48.267534667058065,947122.8483680227,820.7543302120052,-35.86561641981525,35.88752525125475,1258.416123,2025-12-07T22:36:17,238.0
8,12,49,128,1,2,0.5914866806939244,128,0.0004923226957128282,2000,2.2272043274715543,435.18889580971137,25.692404036234777,241287.13139055378,474.20908136988584,-13.888471422574057,4.540698864057784,1253.624686,2025-12-07T22:57:15,190.33333333333334
9,12,37,32,3,4,0.2628196574747562,32,0.00017134856674303676,2000,0.7125659422017634,436.28391325561415,25.450496268255502,254417.7630479574,476.5115988992261,-13.418774563794939,7.589368473080638,1433.578116,2025-12-07T23:18:09,224.33333333333334
10,12,30,256,2,2,0.13531915741041303,64,0.0006719627690118948,2000,1.6154902982525527,377.46948258831236,21.85992653168761,219714.25495472332,442.00593892197344,-10.702483296456501,7.346963751926789,1531.050831,2025-12-07T23:42:03,188.0
11,12,46,64,4,4,0.4650848581455648,64,0.00022295083852755075,2000,2.600830264389515,453.1149047794219,26.136994147471427,287554.8022504751,501.1181254731725,-16.93345478206481,9.39595942079736,1319.138559,2025-12-08T00:07:34,262.0
12,12,41,256,3,4,0.4037555068731308,128,0.000874772053400055,2000,1.40250811772421,646.2814561040373,43.326216619356266,820288.0163419759,715.5236541909443,-26.908724732668762,39.339766546867445,1794.388876,2025-12-08T00:29:33,209.33333333333334
13,12,26,64,1,2,0.2005624169483781,32,0.00030446220411411154,2000,2.9360413243994117,387.02923207933173,22.661223658824685,200926.2573277549,429.9910498855523,-9.4092321134406,5.524360909060354,899.747672,2025-12-08T00:59:27,161.66666666666666
14,12,36,128,4,4,0.32305803513154385,32,0.0003780685551692657,2000,2.0484234411269426,436.3000442968928,25.17216710340055,252125.5584550988,471.99210362636387,-14.80975516764776,8.969828466425753,1041.411335,2025-12-08T01:14:27,140.0
15,12,47,32,2,2,0.527349713165313,64,0.00012544153818462968,2000,1.081935083027929,672.2843230797799,41.262677590132206,573411.3922187113,747.7732259599043,-29.975964096525235,9.180033704564822,1973.386745,2025-12-08T01:31:48,448.3333333333333
16,12,33,128,2,2,0.24487508316614506,32,0.00045391920984648226,2000,2.070564035426823,383.2884987407302,22.615414478952108,195183.20266906128,432.81759908535895,-9.642648061231222,3.50855333843183,754.44052,2025-12-08T02:04:42,112.66666666666667
17,12,34,128,2,4,0.22227091578127195,64,0.0004678377305825392,2000,2.0819410744371503,412.30657555520116,24.038603325365504,220423.02033799022,439.9035067235684,-12.556214699278007,8.482370339382465,1323.080099,2025-12-08T02:17:17,214.0
18,12,37,128,2,2,0.18577137139269545,64,0.0005056596185650965,2000,2.0642957189601954,335.22657717003625,19.757837737893038,147106.98900873316,373.29231437862177,-8.17826704950433,2.6131596570096174,693.142739,2025-12-08T02:39:21,134.0
19,12,38,128,2,2,0.17499183005280156,64,0.0005148778560886854,2000,2.0970818833863287,384.9152557279783,22.440434890654558,198766.09026919727,429.48851411574896,-12.725433093799685,5.060333799814007,778.444896,2025-12-08T02:50:54,150.0
20,12,31,128,2,2,0.26727923582611585,64,0.0004576989478007277,2000,1.9619544992921032,369.6646545228782,22.052922512509525,191706.2453028082,411.80956554478513,-8.320069906412716,5.5932261047565826,747.141376,2025-12-08T03:03:53,127.66666666666667
21,12,36,128,2,2,0.20070951109050705,64,0.00047565813954296947,2000,1.9270436154270882,414.19097265495924,24.89475936984041,226552.66289438118,461.03716807411837,-10.612932383831014,4.670757581106771,612.951059,2025-12-08T03:16:21,121.66666666666667
22,12,34,128,2,2,0.2138355061026485,64,0.0005683377188237124,2000,2.5353590880883035,707.2172070461053,46.27295981501129,772165.581283664,750.7215861706736,-26.918151935148632,34.862031305947795,740.574188,2025-12-08T03:26:34,122.0
23,12,36,128,2,2,0.2899977354057883,64,0.0005044114620801251,2000,2.0310001496148464,597.6691617120164,38.01840876079225,485531.20169332763,647.4184790200965,-16.843489435576107,20.199582833602125,687.699157,2025-12-08T03:38:56,136.0
24,12,32,128,2,2,0.14752098542661787,64,0.000464160358794488,2000,1.9109200084762616,351.5816751275591,20.631032502695998,193850.12556284515,408.69505671601695,-7.6158158958094075,7.237751110180161,753.568833,2025-12-08T03:50:25,126.0
25,12,28,128,2,2,0.219602866822666,32,0.0004264840872494492,2000,1.833482305555365,326.7229811251327,18.83159536839511,153590.16743761685,386.07175175817383,-9.141197294093894,3.9538323914182194,776.735053,2025-12-08T04:02:59,122.66666666666667
26,12,35,128,2,2,0.1426058796132464,32,0.0004843029408216939,2000,1.9433615130830182,316.26696508847294,18.73487430181518,129545.65503986845,351.2872478302707,-6.086416741428458,3.250596011801092,826.219439,2025-12-08T04:15:57,119.66666666666667
27,12,32,128,2,2,0.17128861816330987,32,0.0004524234342688096,2000,1.9193875041826256,380.1667856692762,21.999609822289443,212092.09075698085,432.47934540080286,-8.925597241432063,8.312251598575784,798.922241,2025-12-08T04:29:44,119.66666666666667
28,12,26,128,2,2,0.270449711761053,64,0.00039214629979035325,2000,1.8491159372185586,416.7692094820227,24.535480551276578,226683.02725076248,468.9884895918397,-12.283563147574396,2.66054416733326,686.717124,2025-12-08T04:43:03,130.0
29,12,37,128,2,2,0.1177364139150688,64,0.0005138404537207116,2000,1.9520374113043923,364.0801403086993,21.288218777263747,193042.62869761934,424.6107684200991,-12.73061146522567,4.707463652069772,683.120406,2025-12-08T04:54:31,133.33333333333334
30,12,36,128,2,4,0.13629681863878113,32,0.0004932818562495922,2000,1.9547498797204925,386.40985628057234,22.298625620271427,200955.98239810424,424.0764585594624,-11.945755553905395,7.791196586999929,889.475703,2025-12-08T05:05:56,126.33333333333333
31,12,35,256,2,2,0.14252968110784842,64,0.0004867415452673395,2000,1.9701668251046178,339.85051578355655,20.13870222580015,165204.20968611215,394.9973713596969,-12.717210730870244,4.987811617080454,1217.123337,2025-12-08T05:20:46,139.0
32,12,32,256,2,2,0.16232668865111946,32,0.0005428729349651033,2000,1.9317019460823535,969.074388106095,64.79626535644013,1748839.3561568959,1011.5597095830625,-60.40466101138501,61.54972995883362,1283.007783,2025-12-08T05:41:05,144.33333333333334
33,12,26,32,1,4,0.1,128,0.001,2000,3.0,388.02572828401117,22.89652092883522,205369.8125513482,435.0919384530275,-13.213041336691328,5.160401418932044,365.371177,2025-12-08T06:02:29,128.0
34,12,26,32,1,4,0.1,64,0.0009089103343624382,2000,3.0,287.94006541425154,17.189374302347286,114369.35334830142,334.01138001838336,-5.9797958788093295,0.9562999416368783,721.627708,2025-12-08T06:08:35,165.0
35,12,26,32,1,4,0.10343654154998012,64,0.0006846909477046611,2000,3.0,396.37400802418387,23.33053882578029,203707.88848690773,435.8566404523314,-12.279571928571679,4.825645210728178,542.574514,2025-12-08T06:20:37,124.0
36,12,26,32,1,4,0.1,64,0.001,2000,2.88041969144218,264.4673812020732,15.552949013825424,100618.30422951108,308.508063438708,-5.4248821058345404,2.5526494173901884,726.837682,2025-12-08T06:29:41,166.33333333333334
37,12,26,32,1,4,0.1,64,0.001,2000,2.725942958724985,298.92977813431065,17.74996478264072,118326.62733357906,338.38227708627755,-6.163198850092837,1.7592998457782307,722.69255,2025-12-08T06:41:49,165.66666666666666
38,12,52,128,1,2,0.6,128,0.0005371569693807777,2000,2.757052467880778,448.9353379730822,26.920788427866782,259942.4449003686,508.0528979767758,-14.496108782874865,1.6921387115705093,1291.459318,2025-12-08T06:53:53,189.33333333333334
39,12,34,128,2,2,0.1581393600095041,32,0.0003847320743026966,2000,1.8285573347299078,346.5294006440165,20.245685666393527,161163.54416702935,390.23653510342564,-7.3510430996799405,4.86406799016896,805.447486,2025-12-08T07:15:26,113.0
40,12,52,256,1,2,0.6,128,0.0002931184106260369,2000,2.356125563393941,679.9072401049062,42.26093608419283,735898.304280541,790.3142265725215,-28.762024371049424,18.336579967535123,2396.814199,2025-12-08T07:28:52,193.66666666666666
41,12,26,256,4,4,0.1,32,0.001,2000,3.0,431.9221107793046,25.154648211697403,267863.6136276673,514.8305872611407,-13.22949247877782,2.7231133385284756,1410.240323,2025-12-08T08:08:51,146.0
42,12,26,256,4,2,0.1,32,0.001,2000,3.0,929.5948985740997,53.65550388245936,2057307.880187993,1035.0647500945367,-62.3131112372902,49.899151632011424,1587.575501,2025-12-08T08:32:22,176.0
43,12,35,256,2,2,0.11190497098156052,64,0.0004425163775515887,2000,1.8046787631273074,293.0556016457874,17.418052379610355,119152.93513512336,328.3964300846646,-9.497133722384799,5.6372558676291264,1379.774989,2025-12-08T08:58:50,157.0
44,12,35,256,2,2,0.10480419304759597,64,0.0004169087099598205,2000,1.7711361742893998,389.9829732649968,22.6427942481433,205566.34615919847,428.73416281328656,-11.868959654202484,6.890296794718099,1117.044334,2025-12-08T09:21:51,127.33333333333333
45,12,27,32,1,4,0.1,64,0.001,2000,2.884742185104919,345.9004856259466,20.24557459077598,156320.9714894062,380.6752287823428,-8.701458297607962,4.8223576300039515,567.968762,2025-12-08T09:40:29,132.0
46,12,36,128,2,2,0.14054397228673407,32,0.00042894008722974296,2000,1.8060716091886553,360.8000217725169,20.756279415601227,179237.5900496845,403.95497150326497,-9.985851266863737,5.797229713364684,834.567654,2025-12-08T09:49:57,118.0
47,12,34,128,2,2,0.15673805983290923,32,0.00042075911139884283,2000,1.8328256061444437,368.3776570049333,21.56702261191035,178810.9485938747,415.4753469052941,-10.31975718079791,4.052401853684284,912.880711,2025-12-08T10:03:53,133.33333333333334
48,12,35,128,2,2,0.14180666510520373,32,0.00042482071417157107,2000,1.8945716748154569,337.8540951978092,19.6036924767447,152030.15833117717,377.1311638203593,-10.23960605365352,5.306395921335296,882.475521,2025-12-08T10:19:07,127.0
49,12,37,128,2,2,0.12532029811846698,64,0.00041708706351198973,2000,1.8847032779641166,320.4681644179489,18.6821328011536,150853.93059900837,363.0007793839552,-5.7640794870554535,6.21038146568342,807.668425,2025-12-08T10:33:50,156.33333333333334
50,12,37,128,2,2,0.12617985208981208,64,0.0004128166504875859,2000,1.82451002963079,393.8407694384138,22.731426471759523,209515.1020453534,437.5826594207183,-11.084588316164002,6.627660055650827,665.209039,2025-12-08T10:47:18,129.66666666666666
51,12,52,32,1,4,0.1,128,0.0001,2000,3.0,752.3706230168247,45.567482672309175,1271948.012721074,1059.2495144226323,-102.45823415941709,15.6873457650412,1404.372958,2025-12-08T10:58:25,331.6666666666667
52,12,51,64,1,2,0.6,128,0.0008893261098941915,2000,2.326172545843272,443.8911435379426,25.89721254265109,258776.3642146952,496.6003980914931,-13.525610253502004,4.782244113961916,967.775579,2025-12-08T11:21:50,196.33333333333334
53,12,46,64,1,4,0.6,128,0.000661804990514439,2000,2.377247622972775,639.6773935931609,40.9125148184389,615817.8684151737,711.0346326738354,-27.032292837926907,24.19095253106285,779.350752,2025-12-08T11:37:59,167.66666666666666
54,12,36,128,2,2,0.13362497289305197,32,0.0003960985206775607,2000,1.9939862796153804,287.6454254283388,17.3984521986885,106544.51080892864,318.5785375922684,-4.346984467142665,2.635234624474958,835.034785,2025-12-08T11:50:59,118.66666666666667
55,12,37,128,2,2,0.1258954930476982,32,0.0003704916992617219,2000,2.0475027974624993,382.59029992590837,22.905025207802097,191330.8296405396,427.37557343037565,-10.524639244164689,2.2631070822241677,857.000039,2025-12-08T12:04:54,120.0
56,12,26,32,1,4,0.1,64,0.001,2000,2.871707658791417,298.59095271812225,17.6491215913068,120550.6886223099,341.43580635478725,-7.296272525297574,2.5284845529675404,738.817365,2025-12-08T12:19:12,170.0
57,12,33,128,2,2,0.14997633076648495,32,0.00041472887811035933,2000,1.9062027492188216,345.91227402755476,20.042680989225065,177737.84879356212,384.980998326677,-7.219906509687824,8.3633425672766,761.300061,2025-12-08T12:31:32,112.0
58,12,30,128,2,2,0.20074844461184962,32,0.0003700290965483923,2000,1.8748310692853394,408.54977570292505,23.655805427553414,228747.0060631916,449.91844124877406,-14.56081933637261,8.186213872388606,836.217889,2025-12-08T12:44:14,125.33333333333333
59,12,26,32,1,4,0.1,64,0.001,2000,2.9012111347640146,289.2774656058123,17.24263720699882,115792.5417515847,335.18404392835305,-7.3057855711627875,2.7846872640242615,776.742952,2025-12-08T12:58:11,175.66666666666666
60,12,28,128,2,2,0.2622143770018529,32,0.0004967073638610643,2000,1.815558744106957,362.88695654930217,20.95117621183268,182786.00614364658,409.3050312336546,-8.44592678329286,5.427576568000156,711.560027,2025-12-08T13:11:09,112.66666666666667
61,12,35,128,2,2,0.13311818693572922,32,0.000460660179141416,2000,1.97381803053205,296.46685629468385,17.400641467626915,137525.2704093581,337.96716952617254,-4.632856395310692,7.571082755313435,888.647533,2025-12-08T13:23:02,127.0
62,12,35,128,2,2,0.12635018243628346,32,0.00046705604176535965,2000,2.011996932245852,379.58398521659086,22.365548934857014,185184.11051908683,416.63097788609247,-12.96188623092884,5.847245193651044,766.16973,2025-12-08T13:37:52,110.33333333333333
63,12,36,128,2,2,0.14033841122029786,32,0.0004657025575468823,2000,1.9271666327554235,372.59708952728903,21.743776639240195,184119.87436075628,417.3231960679944,-8.072519763668117,4.931138036784816,935.094877,2025-12-08T13:50:39,133.0
64,12,35,128,2,2,0.13079320424300742,32,0.0004550361844382253,2000,1.9352946458063263,295.84488297002264,17.596544069454527,140923.92389091811,338.14352978035475,-4.276470243036869,8.418427791354059,913.534111,2025-12-08T14:06:15,131.0
65,12,35,128,2,2,0.11634452777477419,32,0.000476358656830595,2000,1.9107504006257352,320.2680680878956,18.635364490425932,148710.4232925559,356.57756910659106,-6.215030503957283,7.503824566058127,954.541416,2025-12-08T14:21:29,136.66666666666666
66,12,52,32,4,4,0.1,128,0.0001,2000,0.5,563.441350920453,33.71401579601506,425845.810356697,650.7157339377709,-25.635662297839033,3.819058081087411,1023.622178,2025-12-08T14:37:25,229.66666666666666
67,12,52,32,1,4,0.1,128,0.001,2000,1.4430028569566937,764.8365029928914,49.3659075024158,919532.2828486307,862.9261481705513,-37.38276408473272,33.43649191726036,650.479652,2025-12-08T14:54:29,151.33333333333334
68,12,35,128,2,2,0.12311119919175004,32,0.000450704887515366,2000,1.9348893247841068,273.1678125908267,16.082414408840783,110080.30338256159,309.55076627486943,-3.748587151406141,6.013450234199433,826.394802,2025-12-08T15:05:21,119.33333333333333
69,12,34,128,2,2,0.11107321483282001,32,0.00044004963348295856,2000,1.9214755802619221,419.3029579270022,25.342744006807646,219184.73113131252,465.6585658387787,-10.98307215948723,2.202050390253165,804.625819,2025-12-08T15:19:08,118.0
70,12,36,128,2,2,0.13904795128882236,32,0.0004806415234098645,2000,1.9045007060717796,344.04142306420687,19.846003373201796,191892.82431276524,384.3474858072673,-5.841623045694582,10.675695180729907,882.306946,2025-12-08T15:32:33,125.66666666666667
71,12,36,128,2,2,0.14053390465049848,32,0.0004881577793068447,2000,1.8967738010937045,352.60862901926015,20.812141357298508,161512.77385688678,394.11051466989437,-7.052357628753955,3.7044331172186906,811.84921,2025-12-08T15:47:17,115.33333333333333
72,12,26,32,1,4,0.1,64,0.001,2000,2.8513603264083027,289.5815662809759,17.29894131916881,112091.97162254393,330.674003634253,-6.128426359398468,1.781697424160197,654.433599,2025-12-08T16:00:49,150.66666666666666
73,12,26,32,1,4,0.1,64,0.001,2000,2.8940712200236822,289.10667204330133,17.18733398806424,115578.8325233716,335.8361132501705,-6.540530760473255,1.8417280320652623,602.177005,2025-12-08T16:11:45,139.0
74,12,26,32,1,4,0.1,64,0.001,2000,2.9039825813957933,280.9496820825339,16.883172570997136,106470.436750223,322.9577736231085,-6.595800602968194,2.233866833007797,702.246443,2025-12-08T16:21:48,161.33333333333334
75,12,30,128,2,2,0.20773643645843234,32,0.00048536446272273714,2000,1.7899732600350202,315.54362994370257,18.52231802296761,165484.2870045232,355.84593465150107,-4.706188220101566,10.126007192836028,751.610142,2025-12-08T16:33:31,114.66666666666667
76,12,26,32,1,4,0.1,64,0.001,2000,2.8926564908766323,307.70890786462417,18.172893955600415,129590.22994771712,353.54231520141246,-7.801900489561699,2.835562707438056,685.850831,2025-12-08T16:46:04,157.66666666666666
77,12,26,32,1,4,0.1,64,0.001,2000,2.896482546230145,313.6177243451596,18.71355528992259,131011.71084122802,358.71656495034296,-8.390628809102827,2.635377001299507,656.710636,2025-12-08T16:57:31,151.0
78,12,30,128,2,2,0.20545232418279258,32,0.0005372224419876979,2000,1.7099453638358517,346.2812533483788,20.149560332679666,197149.97032577975,396.32547874564017,-7.4081735675097375,9.121777787382973,858.6682,2025-12-08T17:08:29,130.0
79,12,36,128,2,2,0.13021277949994325,64,0.0004799511736481382,2000,1.9104948930211831,388.1460715189774,23.076500632479352,189582.3353644381,416.2692408869313,-9.623663517540782,5.116412937217271,608.133729,2025-12-08T17:22:48,120.66666666666667
80,12,38,128,2,2,0.12812490765747497,64,0.0004402744796919036,2000,1.9602735145650856,375.48838563005734,22.204462697374748,183422.98805300004,415.39710022452294,-11.044866004234883,3.8033214477734023,726.920254,2025-12-08T17:32:57,139.33333333333334
81,12,34,128,2,2,0.15302081759290045,32,0.0005089625794506916,2000,1.8414828552164624,345.7404227599391,20.226159481566928,155743.05165110243,383.2378712663438,-9.122135674573128,4.500019753284629,841.615552,2025-12-08T17:45:05,123.0
82,12,26,32,1,2,0.6,128,0.0001,2000,3.0,572.0018372107644,34.08451588865564,407872.57594971615,611.4192770457278,-20.116004391645856,8.635755576577713,1403.468994,2025-12-08T17:59:07,500.0
83,12,35,128,2,2,0.1523456199879485,32,0.0004992469021250669,2000,1.8755884849834965,384.0051606361144,22.885432362777465,193255.55248820133,422.43930674066866,-9.503784015995937,4.5581560056706,819.603872,2025-12-08T18:22:32,118.66666666666667
84,12,26,32,1,4,0.1,64,0.001,2000,2.8698956416650545,282.0294263267273,16.64733010486001,109922.37541440259,323.5648557065223,-6.358486938993075,3.093284284361131,736.699717,2025-12-08T18:36:12,169.33333333333334
85,12,32,128,2,2,0.1627313948762603,32,0.0004733935757976492,2000,1.8500825715270692,374.75513090184603,21.73835321222413,202663.2548981137,421.58975953761905,-9.326172543485733,8.522838845516697,776.605503,2025-12-08T18:48:30,116.0
86,12,30,128,2,2,0.2091818508402647,32,0.000484589828552459,2000,1.732336643984527,317.4000630308914,18.316884413330992,155250.49509008895,354.53012339375755,-4.9280061480863,8.64749942339661,743.814508,2025-12-08T19:01:28,113.33333333333333
87,12,35,256,2,2,0.1281360161057061,64,0.0005066519496186514,2000,1.8067288474422125,277.0990244169228,16.502577613649205,99179.31354074884,306.6740534432584,-6.983486666976475,4.298874478255334,1215.672256,2025-12-08T19:13:53,137.33333333333334
88,12,35,256,2,2,0.129214900450339,64,0.0005761340840229735,2000,1.7161135904997473,233.69879991131802,14.153678492532185,85504.58483929443,290.4693349934468,-4.459201046269975,1.021122511373779,1223.402755,2025-12-08T19:34:09,136.66666666666666
89,12,35,256,2,2,0.125788277996101,64,0.0006149343379770339,2000,1.6618938707185913,410.3124135954127,24.656973562496535,274864.9111991934,496.2472391449957,-24.42428334432061,7.985019396138496,1451.058553,2025-12-08T19:54:34,162.0
90,12,35,256,2,2,0.12946352105216355,64,0.000499482349257999,2000,1.8151857904241218,241.0673568366386,14.426208945840571,81771.54671310111,275.8986518170172,-5.255067785010419,3.7852724894122542,1185.882801,2025-12-08T20:18:46,133.66666666666666
91,12,34,256,2,2,0.13729835124163653,64,0.0005030862604885641,2000,1.7592408000293231,440.1247819508003,25.405333986151806,262401.62055511033,467.17801165645596,-17.587084370284717,10.62876666648663,1553.32704,2025-12-08T20:38:33,179.33333333333334
92,12,38,256,2,2,0.1,64,0.0005364967058635753,2000,1.9180158282998754,405.7890748560617,24.608223993498438,221773.19780520097,470.3882254052226,-13.175499511616188,1.8226086074841195,1607.12889,2025-12-08T21:04:27,197.0
93,12,26,32,1,4,0.1,64,0.001,2000,2.8174657504646405,289.3508283363913,17.355236194752816,115104.50401524598,332.0765461398319,-8.120037799052252,3.8120849391919016,564.610081,2025-12-08T21:31:15,128.0
94,12,26,32,1,4,0.1,64,0.001,2000,2.80067338982513,312.55564171961925,18.424467476089852,134966.15562540104,358.93177639608115,-7.638722035928279,3.3192613840470964,650.800422,2025-12-08T21:40:41,147.66666666666666
95,12,26,32,1,4,0.1,64,0.001,2000,2.862635779735106,352.0282635702966,21.675562900290682,160799.9312652434,400.39460851809343,-9.158560215493365,3.853735917593775,534.239253,2025-12-08T21:51:33,121.33333333333333
96,12,35,128,2,2,0.15013300478868302,32,0.0004528956020644289,2000,1.7609913948524587,283.80326152649064,16.618017047340317,109032.68930214761,323.15918501723405,-5.795342402531173,3.0786106669862545,854.134019,2025-12-08T22:00:28,122.0
97,12,34,128,2,2,0.15719549121836116,32,0.00046573507039687713,2000,1.6932503274002069,441.07555536316255,25.70673325480735,250126.59407735147,480.61055452615864,-14.317972185739768,6.165130956866701,846.335599,2025-12-08T22:14:43,122.33333333333333
98,12,26,32,1,4,0.1,64,0.001,2000,2.849981280843187,279.6528661777178,16.747410404452925,107292.56569116306,324.7394540144943,-5.963895704806805,1.4802146961295606,664.398964,2025-12-08T22:28:50,152.0
99,12,26,32,1,4,0.1,64,0.001,2000,2.8679851018558815,296.5872154917794,17.697791883938038,116210.37376892105,337.65898855008766,-5.830214780573343,0.8896425668064074,646.709196,2025-12-08T22:39:55,148.0
