trial_index,test_size,p,d,q,P,D,Q,m,mae,mape,mse,rmse,r2,sd,runtime_s,started_at
0,24,4,2,4,0,0,0,52,414.21390287334606,15.345308281226115,296987.3851271115,519.7422201051578,-0.4002053337890909,3.9606919719406655,0.506995,2026-01-10T17:27:00
1,24,1,2,4,0,1,2,52,476.4855559203408,15.619079273253439,431179.09743158583,572.2387788027045,-0.7108694164038681,4.679137858348059,200.35847,2026-01-10T17:27:00
2,24,0,2,1,1,1,1,52,1074.4223623155956,45.92066130458355,1565332.991343139,1248.4705880537058,-8.460226830063247,23.0673112248695,34.242362,2026-01-10T17:30:21
3,24,0,0,3,1,0,0,52,1322.257006354669,47.565060544586835,2380680.0914253294,1401.4419390528437,-10.949710153265316,24.446768067312743,1.321545,2026-01-10T17:30:55
4,24,3,0,1,1,0,2,52,102792.74791129556,6263.885462157049,42120428485.49299,119080.02683187439,-428839.80002683285,8827.993923780425,93.472216,2026-01-10T17:30:56
5,24,2,0,0,1,0,2,52,127708.31111695654,7870.786961513272,61595706687.91507,143627.13461940695,-627127.4824473676,11115.016522322303,54.514916,2026-01-10T17:32:30
6,24,4,1,0,1,0,2,52,626.4183284484005,27.958732395374124,592591.7996669984,758.6639177488368,-2.711537094625458,16.96307462019468,54.965455,2026-01-10T17:33:24
7,24,2,2,2,2,0,0,52,448.0697213710091,17.6061499876198,358012.18471696135,552.176010418049,-0.9469703660421303,9.12094061655099,102.943364,2026-01-10T17:34:19
8,24,1,1,1,1,1,0,52,1115.037767877698,50.93324490980499,1734204.8669607483,1275.8862374870948,-11.289222441229834,34.04718192059427,13.175432,2026-01-10T17:36:02
9,24,2,2,0,0,1,1,52,1317.7523921281008,56.237638020494636,2338861.2528359597,1504.110502631028,-14.560344381138789,31.683415234243657,21.174978,2026-01-10T17:36:15
10,24,4,2,4,0,0,2,52,389261780823.31586,23363986165.452175,4.5692759907284774e+23,390268112946.00757,-4.652156144953662e+18,33041666088.999603,145.435908,2026-01-10T17:36:37
11,24,2,1,1,0,1,2,52,975.7175877060563,43.82676675072876,1330734.4954204184,1127.6988866546278,-7.824221386034348,27.141312956552312,60.432121,2026-01-10T17:39:02
12,24,1,2,2,0,1,1,52,467.4441619038457,17.605757865060394,379610.719844555,567.9453838706917,-0.9492059765903397,7.577574295534471,51.686121,2026-01-10T17:40:03
13,24,1,2,4,0,1,1,52,453.40583757913026,14.995896463491178,396813.6754127904,549.395775781948,-0.6330652473586236,4.8189068279138345,116.633023,2026-01-10T17:40:55
14,24,3,2,3,1,0,0,52,482.8735288533405,19.138079049962542,376768.8842725267,603.7319253020672,-0.9820862439617182,6.914822567952046,8.371626,2026-01-10T17:42:52
15,24,0,2,3,0,1,1,52,471.02051067960355,17.706343395488034,385077.1838904279,571.8949293954483,-0.965990133867559,7.526782274733297,71.32119,2026-01-10T17:43:01
16,24,3,2,4,0,0,0,52,406.13345122963193,15.67650761310657,274463.32243228174,516.0409942006089,-0.32995504329764824,4.109630792279345,0.425804,2026-01-10T17:44:13
17,24,1,2,3,0,1,1,52,544.0154957387095,19.504642546558284,528688.0225592525,649.4136677510481,-1.4413175501006457,7.537515160442325,79.961498,2026-01-10T17:44:15
18,24,0,0,4,2,1,0,52,1421.3393886408078,57.186198189261326,2623274.3294195677,1543.2079430275344,-15.257292996894522,34.42412530931748,62.324354,2026-01-10T17:45:35
19,24,4,0,0,0,1,0,52,1167.4930607618978,45.04533763375284,1857551.440723246,1355.1095973602903,-8.319455669046244,12.846501039578964,0.623438,2026-01-10T17:46:38
20,24,4,0,0,2,1,0,52,939.3250518543605,41.67493792384058,1232022.2265048428,1099.1350149868897,-7.113186876646355,25.14484659270132,89.626205,2026-01-10T17:46:40
21,24,4,0,4,0,1,2,52,1214.1400067249103,50.24488604117702,1872525.7842842082,1368.0532874985684,-9.810795626543912,22.645696238972594,253.946529,2026-01-10T17:48:10
22,24,4,0,4,2,0,0,52,803.3423721628445,32.459268878929485,874608.2781511551,931.8428954646088,-3.557367353918473,12.034343760690454,114.509435,2026-01-10T17:52:25
23,24,4,2,0,0,0,2,52,1982.1397413636896,91.53902475508345,6606223.623035002,2287.3349919352418,-56.26386639697327,75.360665393745,55.663595,2026-01-10T17:54:20
24,24,4,1,4,2,0,0,52,653.6129861726887,28.865447756861084,616359.7674104657,774.3960659569275,-2.883494833887125,17.502737263169326,149.067329,2026-01-10T17:55:17
25,24,4,0,4,0,1,0,52,1126.6548912599976,36.8484374702183,1944729.5338592536,1295.2005176726136,-6.357643049930592,9.4032704434746,10.677426,2026-01-10T17:57:47
26,24,4,1,4,1,0,0,52,613.7918520270364,27.244772669796912,558870.9487644223,737.6036160914754,-2.4932084415128895,16.595259254099194,9.25238,2026-01-10T17:57:58
27,24,0,0,0,0,1,1,52,2059.87380269459,89.4171626464041,5453472.462561587,2219.389153593575,-35.441575785126766,59.12318411189811,8.317284,2026-01-10T17:58:09
28,24,3,2,4,1,0,0,52,426.3302599782234,17.020961785617093,328342.6230445824,531.2068845687651,-0.8525905023848184,9.4712254730596,8.73719,2026-01-10T17:58:18
29,24,0,2,4,0,1,2,52,505.61187495810435,17.321261764131975,481990.4941050052,620.0360505455373,-1.0501209659805628,5.149740516798703,161.515004,2026-01-10T17:58:27
30,24,4,0,4,1,0,0,52,783.505613966342,32.00700249876576,831229.7180148265,910.2017014027647,-3.4257120106038865,12.66903281102638,5.755205,2026-01-10T18:01:10
31,24,0,0,4,2,1,2,52,1430.7211909496373,58.13371297513671,2661507.631052216,1555.1670722477413,-15.863463318253011,36.06404717462261,109.423772,2026-01-10T18:01:16
32,24,0,2,4,2,0,2,52,48907235496642.66,2934973501334.1616,7.211765861035822e+27,49029806788453.71,-7.342577015365609e+22,4150679330776.4395,110.855473,2026-01-10T18:03:07
33,24,3,2,4,0,0,0,52,406.13345122963193,15.67650761310657,274463.32243228174,516.0409942006089,-0.32995504329764824,4.109630792279345,0.408258,2026-01-10T18:04:58
34,24,1,2,4,0,1,1,52,453.40583757913026,14.995896463491178,396813.6754127904,549.395775781948,-0.6330652473586236,4.8189068279138345,116.771015,2026-01-10T18:05:00
35,24,0,0,4,2,0,2,52,3686507.4163139784,220241.17866317058,41916363684858.3,3738792.2025664225,-426766657.9452195,311425.2735000105,98.748203,2026-01-10T18:06:57
36,24,1,2,4,0,1,1,52,453.40583757913026,14.995896463491178,396813.6754127904,549.395775781948,-0.6330652473586236,4.8189068279138345,116.632147,2026-01-10T18:08:37
37,24,1,2,4,0,1,1,52,453.40583757913026,14.995896463491178,396813.6754127904,549.395775781948,-0.6330652473586236,4.8189068279138345,116.413365,2026-01-10T18:10:35
38,24,1,2,4,0,1,1,52,453.40583757913026,14.995896463491178,396813.6754127904,549.395775781948,-0.6330652473586236,4.8189068279138345,116.584431,2026-01-10T18:12:32
39,24,1,2,4,0,1,1,52,453.40583757913026,14.995896463491178,396813.6754127904,549.395775781948,-0.6330652473586236,4.8189068279138345,116.517303,2026-01-10T18:14:29
40,24,1,2,4,0,1,1,52,453.40583757913026,14.995896463491178,396813.6754127904,549.395775781948,-0.6330652473586236,4.8189068279138345,116.465297,2026-01-10T18:16:27
41,24,1,2,4,0,1,1,52,453.40583757913026,14.995896463491178,396813.6754127904,549.395775781948,-0.6330652473586236,4.8189068279138345,116.633393,2026-01-10T18:18:24
42,24,1,2,4,0,1,1,52,453.40583757913026,14.995896463491178,396813.6754127904,549.395775781948,-0.6330652473586236,4.8189068279138345,116.808008,2026-01-10T18:20:22
43,24,1,2,4,0,1,1,52,453.40583757913026,14.995896463491178,396813.6754127904,549.395775781948,-0.6330652473586236,4.8189068279138345,116.675837,2026-01-10T18:22:19
44,24,1,2,4,0,1,1,52,453.40583757913026,14.995896463491178,396813.6754127904,549.395775781948,-0.6330652473586236,4.8189068279138345,116.674268,2026-01-10T18:24:17
45,24,1,2,4,0,1,1,52,453.40583757913026,14.995896463491178,396813.6754127904,549.395775781948,-0.6330652473586236,4.8189068279138345,116.683616,2026-01-10T18:26:14
46,24,1,2,4,0,1,1,52,453.40583757913026,14.995896463491178,396813.6754127904,549.395775781948,-0.6330652473586236,4.8189068279138345,116.649912,2026-01-10T18:28:12
47,24,1,2,4,0,1,1,52,453.40583757913026,14.995896463491178,396813.6754127904,549.395775781948,-0.6330652473586236,4.8189068279138345,116.889438,2026-01-10T18:30:09
48,24,1,2,4,0,1,1,52,453.40583757913026,14.995896463491178,396813.6754127904,549.395775781948,-0.6330652473586236,4.8189068279138345,116.514678,2026-01-10T18:32:07
49,24,1,2,4,0,1,1,52,453.40583757913026,14.995896463491178,396813.6754127904,549.395775781948,-0.6330652473586236,4.8189068279138345,116.573487,2026-01-10T18:34:04
50,24,4,0,0,2,1,2,52,930.0501416685396,41.00775408404488,1203203.548615444,1088.4724681318664,-6.798079714180627,24.108842928474974,170.055503,2026-01-10T18:36:02
51,24,1,2,4,0,1,1,52,453.40583757913026,14.995896463491178,396813.6754127904,549.395775781948,-0.6330652473586236,4.8189068279138345,116.648889,2026-01-10T18:38:53
52,24,1,2,4,0,1,1,52,453.40583757913026,14.995896463491178,396813.6754127904,549.395775781948,-0.6330652473586236,4.8189068279138345,116.555758,2026-01-10T18:40:50
53,24,1,2,4,0,1,1,52,453.40583757913026,14.995896463491178,396813.6754127904,549.395775781948,-0.6330652473586236,4.8189068279138345,116.499136,2026-01-10T18:42:48
54,24,1,2,4,0,1,1,52,453.40583757913026,14.995896463491178,396813.6754127904,549.395775781948,-0.6330652473586236,4.8189068279138345,116.47041,2026-01-10T18:44:45
55,24,1,2,4,0,1,1,52,453.40583757913026,14.995896463491178,396813.6754127904,549.395775781948,-0.6330652473586236,4.8189068279138345,116.623338,2026-01-10T18:46:42
56,24,1,2,4,0,1,1,52,453.40583757913026,14.995896463491178,396813.6754127904,549.395775781948,-0.6330652473586236,4.8189068279138345,116.583613,2026-01-10T18:48:40
57,24,0,2,0,2,0,2,52,5363.096494279428,287.23038958492776,68182601.63909627,6301.109701443366,-664.1543269753705,314.10701485727037,55.15081,2026-01-10T18:50:37
58,24,4,0,4,0,0,2,52,68932.16882652428,4225.8709130309735,18828145085.272717,79808.22686445357,-191692.0993109967,5945.841347760671,184.956901,2026-01-10T18:51:33
59,24,1,2,4,0,1,1,52,453.40583757913026,14.995896463491178,396813.6754127904,549.395775781948,-0.6330652473586236,4.8189068279138345,116.864884,2026-01-10T18:54:39
60,24,1,2,4,0,1,1,52,453.40583757913026,14.995896463491178,396813.6754127904,549.395775781948,-0.6330652473586236,4.8189068279138345,116.729189,2026-01-10T18:56:37
61,24,1,2,4,0,1,1,52,453.40583757913026,14.995896463491178,396813.6754127904,549.395775781948,-0.6330652473586236,4.8189068279138345,116.796957,2026-01-10T18:58:35
62,24,1,2,4,0,1,1,52,453.40583757913026,14.995896463491178,396813.6754127904,549.395775781948,-0.6330652473586236,4.8189068279138345,116.581174,2026-01-10T19:00:32
63,24,1,2,4,0,1,1,52,453.40583757913026,14.995896463491178,396813.6754127904,549.395775781948,-0.6330652473586236,4.8189068279138345,116.450535,2026-01-10T19:02:30
64,24,1,2,4,0,1,1,52,453.40583757913026,14.995896463491178,396813.6754127904,549.395775781948,-0.6330652473586236,4.8189068279138345,116.494842,2026-01-10T19:04:27
65,24,1,2,4,0,1,1,52,453.40583757913026,14.995896463491178,396813.6754127904,549.395775781948,-0.6330652473586236,4.8189068279138345,116.657848,2026-01-10T19:06:25
66,24,1,2,4,0,1,1,52,453.40583757913026,14.995896463491178,396813.6754127904,549.395775781948,-0.6330652473586236,4.8189068279138345,116.601922,2026-01-10T19:08:22
67,24,1,2,4,0,1,1,52,453.40583757913026,14.995896463491178,396813.6754127904,549.395775781948,-0.6330652473586236,4.8189068279138345,116.491721,2026-01-10T19:10:20
68,24,4,2,4,0,0,0,52,414.21390287334606,15.345308281226115,296987.3851271115,519.7422201051578,-0.4002053337890909,3.9606919719406655,0.499148,2026-01-10T19:12:17
69,24,4,1,0,2,0,2,52,451.48305883244456,17.05083423463855,378948.94052543445,580.9145978892565,-0.5433955919836914,5.92989741261657,81.247842,2026-01-10T19:12:19
70,24,1,2,4,0,1,1,52,453.40583757913026,14.995896463491178,396813.6754127904,549.395775781948,-0.6330652473586236,4.8189068279138345,116.663185,2026-01-10T19:13:41
71,24,4,2,4,0,0,0,52,414.21390287334606,15.345308281226115,296987.3851271115,519.7422201051578,-0.4002053337890909,3.9606919719406655,0.502849,2026-01-10T19:15:38
72,24,1,2,4,0,1,1,52,453.40583757913026,14.995896463491178,396813.6754127904,549.395775781948,-0.6330652473586236,4.8189068279138345,116.699246,2026-01-10T19:15:40
73,24,1,2,4,0,1,1,52,453.40583757913026,14.995896463491178,396813.6754127904,549.395775781948,-0.6330652473586236,4.8189068279138345,116.714544,2026-01-10T19:17:38
74,24,1,2,4,0,1,1,52,453.40583757913026,14.995896463491178,396813.6754127904,549.395775781948,-0.6330652473586236,4.8189068279138345,116.439569,2026-01-10T19:19:35
75,24,1,2,4,0,1,1,52,453.40583757913026,14.995896463491178,396813.6754127904,549.395775781948,-0.6330652473586236,4.8189068279138345,116.51104,2026-01-10T19:21:32
76,24,1,2,4,0,1,1,52,453.40583757913026,14.995896463491178,396813.6754127904,549.395775781948,-0.6330652473586236,4.8189068279138345,116.481702,2026-01-10T19:23:30
77,24,1,2,4,0,1,1,52,453.40583757913026,14.995896463491178,396813.6754127904,549.395775781948,-0.6330652473586236,4.8189068279138345,116.367718,2026-01-10T19:25:27
78,24,1,2,4,0,1,1,52,453.40583757913026,14.995896463491178,396813.6754127904,549.395775781948,-0.6330652473586236,4.8189068279138345,116.463543,2026-01-10T19:27:25
79,24,1,2,4,0,1,1,52,453.40583757913026,14.995896463491178,396813.6754127904,549.395775781948,-0.6330652473586236,4.8189068279138345,116.589131,2026-01-10T19:29:22
80,24,1,2,4,0,1,1,52,453.40583757913026,14.995896463491178,396813.6754127904,549.395775781948,-0.6330652473586236,4.8189068279138345,116.476651,2026-01-10T19:31:20
81,24,1,2,4,0,1,1,52,453.40583757913026,14.995896463491178,396813.6754127904,549.395775781948,-0.6330652473586236,4.8189068279138345,116.408412,2026-01-10T19:33:17
82,24,1,2,4,0,1,1,52,453.40583757913026,14.995896463491178,396813.6754127904,549.395775781948,-0.6330652473586236,4.8189068279138345,116.42887,2026-01-10T19:35:14
83,24,1,2,4,0,1,1,52,453.40583757913026,14.995896463491178,396813.6754127904,549.395775781948,-0.6330652473586236,4.8189068279138345,116.632594,2026-01-10T19:37:11
84,24,4,0,3,0,1,0,52,1306.2748490748136,48.51734206952825,2266638.1379601625,1483.3875067556435,-9.565327144237786,9.794614082859205,5.699282,2026-01-10T19:39:09
85,24,1,2,4,0,1,1,52,453.40583757913026,14.995896463491178,396813.6754127904,549.395775781948,-0.6330652473586236,4.8189068279138345,116.464766,2026-01-10T19:39:15
86,24,1,2,4,0,1,1,52,453.40583757913026,14.995896463491178,396813.6754127904,549.395775781948,-0.6330652473586236,4.8189068279138345,116.409,2026-01-10T19:41:12
87,24,1,2,4,0,1,1,52,453.40583757913026,14.995896463491178,396813.6754127904,549.395775781948,-0.6330652473586236,4.8189068279138345,116.564275,2026-01-10T19:43:10
88,24,1,2,4,0,1,1,52,453.40583757913026,14.995896463491178,396813.6754127904,549.395775781948,-0.6330652473586236,4.8189068279138345,116.532671,2026-01-10T19:45:07
89,24,4,0,0,0,0,0,52,581.7480453909171,24.930515769730025,499508.66889897524,706.6558631815866,-1.8866277834302287,12.805047099932077,0.072119,2026-01-10T19:47:04
90,24,1,2,4,0,1,2,52,476.4855559203408,15.619079273253439,431179.09743158583,572.2387788027045,-0.7108694164038681,4.679137858348059,199.427545,2026-01-10T19:47:05
91,24,1,2,4,0,1,2,52,476.4855559203408,15.619079273253439,431179.09743158583,572.2387788027045,-0.7108694164038681,4.679137858348059,199.905804,2026-01-10T19:50:25
92,24,4,0,0,0,1,2,52,1030.0795793039385,44.851442207335474,1439351.4776440011,1191.9399335768096,-8.236103563428648,25.523548951104377,91.682465,2026-01-10T19:53:45
93,24,4,1,0,1,0,0,52,610.5051961308124,27.16247606244203,562360.879186066,740.116295946908,-2.4436183353031313,16.179609344236184,1.358915,2026-01-10T19:55:18
94,24,3,2,2,2,0,0,52,423.19548399713585,16.660949919545228,330225.08833645267,526.8270439863436,-0.8135198148141812,9.115529767041869,109.967994,2026-01-10T19:55:20
95,24,4,0,0,1,0,0,52,627.2123228280626,26.78617943402791,566953.6325772983,752.248669046678,-2.3228795053954125,13.79930210665568,1.207029,2026-01-10T19:57:10
96,24,1,2,4,0,1,2,52,476.4855559203408,15.619079273253439,431179.09743158583,572.2387788027045,-0.7108694164038681,4.679137858348059,200.13608,2026-01-10T19:57:12
97,24,4,1,4,2,0,2,52,16057634791075.514,1043574844854.2059,1.4788270297218115e+27,22202304908781.984,-1.505650844379629e+22,1475837698918.8582,159.737492,2026-01-10T20:00:33
98,24,4,0,1,0,0,0,52,646.726564656608,27.603146283984245,606435.8162732645,776.9306090980373,-2.418798324615023,13.539478852884944,0.163459,2026-01-10T20:03:14
99,24,1,2,4,0,1,2,52,476.4855559203408,15.619079273253439,431179.09743158583,572.2387788027045,-0.7108694164038681,4.679137858348059,200.879762,2026-01-10T20:03:14
